1900-01-31,-6.394606222464616
1900-02-28,-16.005101392712124
1900-03-31,-16.74073086274523
1900-04-30,-12.242052278902275
1900-05-31,-13.837980187147727
1900-06-30,-14.129438223792079
1900-07-31,-23.873821931979904
1900-08-31,-24.12638978558247
1900-09-30,-15.290256738715147
1900-10-31,-8.274354951179571
1900-11-30,-3.6750655467632
1900-12-31,-11.5003441093837
1901-01-31,-3.622260703682077
1901-02-28,3.520824237774516
1901-03-31,-3.177443410320942
1901-04-30,-0.5307631338510195
1901-05-31,-10.121090878026367
1901-06-30,-17.786345502426045
1901-07-31,-21.458999270175237
1901-08-31,-28.300753136676498
1901-09-30,-23.121161373466393
1901-10-31,-16.755654216183522
1901-11-30,-19.863164396999174
1901-12-31,-23.487188459750502
1902-01-31,-31.253963819857294
1902-02-28,-39.574900953416154
1902-03-31,-35.3203822396393
1902-04-30,-33.32951431448619
1902-05-31,-42.21604072278462
1902-06-30,-42.62009508959601
1902-07-31,-44.58656547698297
1902-08-31,-37.626985526043484
1902-09-30,-33.27000193924591
1902-10-31,-31.228720914269417
1902-11-30,-30.18104448415947
1902-12-31,-21.198996529226722
1903-01-31,-11.46552992205735
1903-02-28,-14.704448929066794
1903-03-31,-19.906955348017327
1903-04-30,-13.978240268258403
1903-05-31,-22.704511652765294
1903-06-30,-25.41219879284447
1903-07-31,-34.01174274035442
1903-08-31,-37.62438859933622
1903-09-30,-46.216736697197085
1903-10-31,-50.41146335449084
1903-11-30,-44.609440885815054
1903-12-31,-36.50143446981362
1904-01-31,-30.649006768215095
1904-02-29,-29.412632565317526
1904-03-31,-27.0922648638645
1904-04-30,-29.862594019800465
1904-05-31,-36.48624804809141
1904-06-30,-37.76142937478819
1904-07-31,-33.10492264782467
1904-08-31,-41.84717017061067
1904-09-30,-51.43251059298724
1904-10-31,-46.02154926468686
1904-11-30,-50.02250907607578
1904-12-31,-45.99922357520544
1905-01-31,-41.30586915711541
1905-02-28,-32.64777661336849
1905-03-31,-34.64120795493233
1905-04-30,-37.4724493879692
1905-05-31,-31.341113569414777
1905-06-30,-26.05129163852535
1905-07-31,-22.99899684021367
1905-08-31,-16.779665361112325
1905-09-30,-13.935368186291223
1905-10-31,-4.786487129772121
1905-11-30,-8.108998700750274
1905-12-31,-3.343946243776813
1906-01-31,5.652719870966809
1906-02-28,2.3400029541916094
1906-03-31,4.572642888887897
1906-04-30,1.886046240430959
1906-05-31,1.1168520681769678
1906-06-30,-7.383108069648719
1906-07-31,-16.996240823683866
1906-08-31,-11.803251472640396
1906-09-30,-12.748068182800443
1906-10-31,-10.291388029740652
1906-11-30,-5.492357673782758
1906-12-31,-7.119089070145941
1907-01-31,-9.766736568792943
1907-02-28,-16.386160356977896
1907-03-31,-10.508712224281755
1907-04-30,-3.8479640525932055
1907-05-31,0.8362956935138541
1907-06-30,8.34218729398751
1907-07-31,11.303316133503781
1907-08-31,15.224639628916925
1907-09-30,9.085001234248878
1907-10-31,14.43764593303504
1907-11-30,11.119303819081821
1907-12-31,9.878487940337386
1908-01-31,6.255892735508889
1908-02-29,7.621686114054215
1908-03-31,10.795533142715984
1908-04-30,12.306703963820674
1908-05-31,8.670447843561627
1908-06-30,3.030515348972026
1908-07-31,9.92928596641554
1908-08-31,5.972579722167755
1908-09-30,4.736993139714629
1908-10-31,-3.434715121772367
1908-11-30,-7.41513172495369
1908-12-31,-15.701235604685955
1909-01-31,-18.82696946547987
1909-02-28,-14.640949110051155
1909-03-31,-5.161583994745973
1909-04-30,-2.657087193319567
1909-05-31,-7.271016389748679
1909-06-30,-4.136840265975435
1909-07-31,-1.5968838821492213
1909-08-31,4.916160699295784
1909-09-30,5.590040337222852
1909-10-31,13.812473633237389
1909-11-30,12.122547017734194
1909-12-31,7.8434404076379876
1910-01-31,8.223595239391166
1910-02-28,16.672600004808565
1910-03-31,21.150825257200847
1910-04-30,21.029085279870962
1910-05-31,20.979012334836213
1910-06-30,23.95345630053022
1910-07-31,22.908879507844446
1910-08-31,23.921668926891826
1910-09-30,33.34517299951172
1910-10-31,41.993447378284465
1910-11-30,48.80715598605736
1910-12-31,41.34812120828535
1911-01-31,42.47854332572023
1911-02-28,39.807087546549916
1911-03-31,48.042997232069396
1911-04-30,44.316580294136486
1911-05-31,52.931898743321874
1911-06-30,47.6988207681213
1911-07-31,46.10663626503433
1911-08-31,55.30588921184397
1911-09-30,57.21562302110505
1911-10-31,65.85859545448949
1911-11-30,66.635601292191
1911-12-31,61.19633861607614
1912-01-31,65.45559702073683
1912-02-29,65.88706684865289
1912-03-31,65.99653022104431
1912-04-30,58.726220486155185
1912-05-31,51.624609724245396
1912-06-30,60.21671201125029
1912-07-31,69.33787729221604
1912-08-31,78.65649522620237
1912-09-30,75.81228005211872
1912-10-31,66.72968415593499
1912-11-30,67.80822961236672
1912-12-31,72.53441904800815
1913-01-31,75.49534851146008
1913-02-28,66.55400549375483
1913-03-31,61.2116621463406
1913-04-30,65.32934731884683
1913-05-31,56.43104396096255
1913-06-30,63.36098350390972
1913-07-31,73.14260673549684
1913-08-31,68.09859958516088
1913-09-30,59.18090567466516
1913-10-31,68.77477184104526
1913-11-30,74.11909753332876
1913-12-31,73.20305353587082
1914-01-31,72.76818634052756
1914-02-28,81.07824642250077
1914-03-31,78.19484801975281
1914-04-30,69.25844459533272
1914-05-31,71.53785117979999
1914-06-30,67.78874636542406
1914-07-31,71.41992722538863
1914-08-31,80.37892782043171
1914-09-30,77.59052538836696
1914-10-31,72.53048844277447
1914-11-30,63.58952580494342
1914-12-31,70.22272459555299
1915-01-31,61.79032074986618
1915-02-28,70.83383035575103
1915-03-31,74.95678291230571
1915-04-30,83.18743984768737
1915-05-31,89.47625726598838
1915-06-30,83.2906895230461
1915-07-31,76.80875915756525
1915-08-31,86.03651459270674
1915-09-30,81.85727410877331
1915-10-31,87.66954462823347
1915-11-30,81.08534758479676
1915-12-31,77.06715219063648
1916-01-31,80.53695506504039
1916-02-29,75.5053487099033
1916-03-31,80.54269209316038
1916-04-30,88.12781335420836
1916-05-31,84.53526234799199
1916-06-30,80.50941987530982
1916-07-31,71.06407309047691
1916-08-31,69.51727258340392
1916-09-30,60.82620423760782
1916-10-31,62.31932311362001
1916-11-30,66.07804805104875
1916-12-31,67.4441646696069
1917-01-31,69.51869561746214
1917-02-28,71.51169770238582
1917-03-31,79.56464628276632
1917-04-30,80.18523440104511
1917-05-31,87.41308814931199
1917-06-30,84.45252002739187
1917-07-31,77.26503773246148
1917-08-31,71.70257955317273
1917-09-30,77.56822079812943
1917-10-31,72.16189527478315
1917-11-30,77.61265022315006
1917-12-31,85.66938687396512
1918-01-31,86.55713069953609
1918-02-28,79.42158391881118
1918-03-31,81.89151598795688
1918-04-30,79.48145975568758
1918-05-31,87.65041861289836
1918-06-30,82.12318822193421
1918-07-31,76.8089584606927
1918-08-31,76.45618037234004
1918-09-30,76.32726761936128
1918-10-31,70.08258190573673
1918-11-30,67.56929327313384
1918-12-31,70.93271371848809
1919-01-31,70.34311470279214
1919-02-28,61.53750925738104
1919-03-31,59.84365956963806
1919-04-30,58.15985068717575
1919-05-31,57.11194622974321
1919-06-30,47.58874230992039
1919-07-31,43.06859014607537
1919-08-31,52.076815457725274
1919-09-30,59.73695082354119
1919-10-31,68.55113067094892
1919-11-30,73.72893274340367
1919-12-31,72.40877399515001
1920-01-31,81.15885768260532
1920-02-29,77.17207916857438
1920-03-31,79.03639636035685
1920-04-30,80.78508083630109
1920-05-31,79.60016050862005
1920-06-30,74.60752479324694
1920-07-31,71.21716697057086
1920-08-31,74.07555240730444
1920-09-30,69.75598414691954
1920-10-31,66.67989842602915
1920-11-30,63.761951073651765
1920-12-31,60.2580684814758
1921-01-31,66.82867194628938
1921-02-28,67.74437864761731
1921-03-31,58.11177653621476
1921-04-30,62.94334914727084
1921-05-31,62.98674480798431
1921-06-30,68.56460944001563
1921-07-31,68.45588214975682
1921-08-31,64.67263720947933
1921-09-30,71.458405421517
1921-10-31,64.9253058750101
1921-11-30,60.49083727039745
1921-12-31,60.17379492155169
1922-01-31,67.3712186408995
1922-02-28,59.67545907797873
1922-03-31,56.44922848549913
1922-04-30,57.09403206763406
1922-05-31,60.66102324579185
1922-06-30,52.764904630574556
1922-07-31,57.87057728505346
1922-08-31,59.008999195952434
1922-09-30,59.35188718113561
1922-10-31,56.96929641457923
1922-11-30,53.26223881718633
1922-12-31,61.07233123296402
1923-01-31,70.94786062074085
1923-02-28,64.45215791584165
1923-03-31,58.68218147856413
1923-04-30,62.02286336199026
1923-05-31,67.31412133092401
1923-06-30,73.77343744949965
1923-07-31,69.82234821398215
1923-08-31,64.00435432673918
1923-09-30,55.45573920998753
1923-10-31,52.98238454857668
1923-11-30,54.2320792643
1923-12-31,61.68310624491566
1924-01-31,52.343994585905165
1924-02-29,44.137100865903406
1924-03-31,47.20000336318571
1924-04-30,50.62642453972798
1924-05-31,43.10905437912874
1924-06-30,35.03636845098321
1924-07-31,25.595894710991463
1924-08-31,28.57057620068585
1924-09-30,24.167711830561032
1924-10-31,18.98757086800824
1924-11-30,22.278550723595963
1924-12-31,14.698560058913715
1925-01-31,15.426825167678754
1925-02-28,7.245322000972585
1925-03-31,-1.4396898235180764
1925-04-30,1.9309736363587184
1925-05-31,7.763263211750823
1925-06-30,7.011818572781481
1925-07-31,5.054739737566621
1925-08-31,9.085715708141294
1925-09-30,0.6065432666757058
1925-10-31,-3.827799229667214
1925-11-30,4.277548945099969
1925-12-31,13.256665083233624
1926-01-31,4.024586928206066
1926-02-28,-5.914130621348402
1926-03-31,-0.5564481758388009
1926-04-30,-1.5188826518833771
1926-05-31,3.7297264714441685
1926-06-30,6.589387663294863
1926-07-31,5.548715467833807
1926-08-31,9.748334778491838
1926-09-30,11.838879563983035
1926-10-31,2.153200725466819
1926-11-30,1.475611067399706
1926-12-31,9.115704056757535
1927-01-31,14.721392940685316
1927-02-28,17.819955352963113
1927-03-31,20.25152982135767
1927-04-30,26.583776998961312
1927-05-31,22.4106261898889
1927-06-30,20.29272902608026
1927-07-31,22.90585434122355
1927-08-31,29.32496998360671
1927-09-30,25.7527435277635
1927-10-31,19.122305798081936
1927-11-30,14.567431384436347
1927-12-31,13.346958457879118
1928-01-31,5.316218015207044
1928-02-29,7.88292821838338
1928-03-31,15.812528766936232
1928-04-30,12.656485010853306
1928-05-31,21.7840638435717
1928-06-30,20.176625986194956
1928-07-31,20.891501863288838
1928-08-31,30.426119544073867
1928-09-30,34.62678941079626
1928-10-31,34.7369749171905
1928-11-30,39.82813524965977
1928-12-31,39.29428180102275
1929-01-31,43.725761430371854
1929-02-28,38.17274298571797
1929-03-31,29.710653974381593
1929-04-30,31.693798495036177
1929-05-31,32.16747928270486
1929-06-30,31.381201993125195
1929-07-31,23.730750574242716
1929-08-31,32.42162983539876
1929-09-30,24.65639870028872
1929-10-31,34.00569780700057
1929-11-30,30.368079954132497
1929-12-31,26.004679100695284
1930-01-31,34.80446353383992
1930-02-28,44.01633691677109
1930-03-31,48.02956499226116
1930-04-30,57.13426581094861
1930-05-31,50.633827252972054
1930-06-30,57.76666046568833
1930-07-31,60.13063540063347
1930-08-31,56.04182037756533
1930-09-30,57.97047259534657
1930-10-31,50.15630144085097
1930-11-30,55.99609745700319
1930-12-31,58.83364394214155
1931-01-31,50.9744592675062
1931-02-28,45.36763494988197
1931-03-31,41.20246186554335
1931-04-30,40.676770905157255
1931-05-31,35.28929393345415
1931-06-30,31.240488309516323
1931-07-31,32.27014444412603
1931-08-31,25.209857021044982
1931-09-30,30.276243869908107
1931-10-31,29.287611056910258
1931-11-30,27.4296425708699
1931-12-31,28.899238253756614
1932-01-31,22.052925615564057
1932-02-29,29.88344890723193
1932-03-31,22.186635831336815
1932-04-30,23.129007770515482
1932-05-31,32.427912016009216
1932-06-30,25.211736933344483
1932-07-31,29.187943157535415
1932-08-31,38.69185534560991
1932-09-30,48.608421224696244
1932-10-31,45.563165457675865
1932-11-30,48.07843223431177
1932-12-31,56.92595148036365
1933-01-31,59.41670943279415
1933-02-28,66.87310434616472
1933-03-31,70.82461486422551
1933-04-30,61.562628032584314
1933-05-31,58.473184058596416
1933-06-30,66.34972909117701
1933-07-31,65.72574030400922
1933-08-31,64.4051388743519
1933-09-30,60.50354211613418
1933-10-31,53.69827185909648
1933-11-30,57.07573726293644
1933-12-31,54.98255660544967
1934-01-31,62.62467389022145
1934-02-28,53.48847708464412
1934-03-31,60.975463693138565
1934-04-30,52.82285016265973
1934-05-31,59.29321264944942
1934-06-30,58.45371395450125
1934-07-31,63.257212749152956
1934-08-31,62.27496936938937
1934-09-30,55.44568514071899
1934-10-31,64.40947836782708
1934-11-30,67.2590385706208
1934-12-31,61.55537784697379
1935-01-31,63.48566288214628
1935-02-28,57.67825320426641
1935-03-31,55.71699182514914
1935-04-30,57.621491504502295
1935-05-31,59.82685199552809
1935-06-30,51.985604978332006
1935-07-31,45.83694318871282
1935-08-31,45.00190236563287
1935-09-30,45.32505249494628
1935-10-31,52.46993803357134
1935-11-30,54.00457753352002
1935-12-31,60.2349462420782
1936-01-31,57.62909029286199
1936-02-29,51.38360417681043
1936-03-31,46.97743411456392
1936-04-30,37.476924953473564
1936-05-31,34.75954572697
1936-06-30,37.46955329778467
1936-07-31,44.30899700544495
1936-08-31,39.00486393788003
1936-09-30,43.12019814889766
1936-10-31,48.168989057051135
1936-11-30,51.993368611272814
1936-12-31,61.260941130034105
1937-01-31,62.85859657905155
1937-02-28,61.72971760003034
1937-03-31,62.46569305032839
1937-04-30,52.56092979278152
1937-05-31,42.69538473443675
1937-06-30,42.56739983503388
1937-07-31,40.09925985763155
1937-08-31,32.798881957974615
1937-09-30,29.884630394837465
1937-10-31,32.713723568976086
1937-11-30,33.1694290499078
1937-12-31,31.097564187403393
1938-01-31,36.49844970554581
1938-02-28,27.565529424569796
1938-03-31,35.28833693638282
1938-04-30,38.870984225756814
1938-05-31,37.260724882323736
1938-06-30,41.09535801061995
1938-07-31,49.88021633757416
1938-08-31,52.97699242899428
1938-09-30,56.34386539591449
1938-10-31,60.38580858168349
1938-11-30,68.6994469116295
1938-12-31,76.4859621378346
1939-01-31,72.07322051393841
1939-02-28,62.521789443224314
1939-03-31,58.078092705028
1939-04-30,55.35862640659899
1939-05-31,50.30771539762152
1939-06-30,49.45378230628818
1939-07-31,58.21353625838761
1939-08-31,52.000614339925576
1939-09-30,49.63060943443047
1939-10-31,56.29144350794036
1939-11-30,48.91269394516469
1939-12-31,45.96024950121044
1940-01-31,46.97810440184044
1940-02-29,52.36536354848439
1940-03-31,59.60221195869884
1940-04-30,54.7218143105247
1940-05-31,63.76881929285233
1940-06-30,62.46586462440686
1940-07-31,55.0852782864229
1940-08-31,48.26485205734319
1940-09-30,47.01220257497887
1940-10-31,53.248920294263954
1940-11-30,44.62860578506641
1940-12-31,38.97871250697764
1941-01-31,45.013499432708485
1941-02-28,51.48080557133221
1941-03-31,45.481309020800055
1941-04-30,36.605871097567
1941-05-31,39.686535839021644
1941-06-30,45.565382338213
1941-07-31,36.56075039202138
1941-08-31,37.01294126472422
1941-09-30,29.849480176845447
1941-10-31,31.86674376526064
1941-11-30,24.115575229498607
1941-12-31,16.751272769359467
1942-01-31,17.5622792601829
1942-02-28,26.502188051332126
1942-03-31,17.074296219091906
1942-04-30,9.062303607413217
1942-05-31,3.1014928946315283
1942-06-30,9.395354297967677
1942-07-31,4.20106522925153
1942-08-31,-0.3584944483362644
1942-09-30,-1.771135481529475
1942-10-31,5.365016595638403
1942-11-30,0.9703750263032891
1942-12-31,0.4047794860342524
1943-01-31,-0.0959165509116442
1943-02-28,-0.10418192110531699
1943-03-31,-1.1870437648122607
1943-04-30,4.914769664097653
1943-05-31,-1.0873093815020152
1943-06-30,-0.9994159196291843
1943-07-31,-8.378900746777202
1943-08-31,-0.95206101170848
1943-09-30,-2.4528846382134404
1943-10-31,7.507850890122562
1943-11-30,10.773448627509511
1943-12-31,4.854987202831031
1944-01-31,13.351848325433409
1944-02-29,9.22375249632939
1944-03-31,11.99176090159429
1944-04-30,17.295541719933723
1944-05-31,9.36141497577984
1944-06-30,3.0439884478809525
1944-07-31,1.577561555416132
1944-08-31,-1.2509625537832454
1944-09-30,-4.933285674904188
1944-10-31,-9.52918967619146
1944-11-30,-12.317908280233937
1944-12-31,-2.686398509275538
1945-01-31,-3.517358548084033
1945-02-28,-4.359862832940431
1945-03-31,-9.349744446196791
1945-04-30,-15.55616161357509
1945-05-31,-20.407447446450632
1945-06-30,-12.694483675431776
1945-07-31,-4.969655462618093
1945-08-31,-11.554690258289305
1945-09-30,-13.6222879609079
1945-10-31,-12.013574966375074
1945-11-30,-10.94380462702906
1945-12-31,-16.915518247233578
1946-01-31,-25.6809347413594
1946-02-28,-19.748273063743017
1946-03-31,-27.15162278896766
1946-04-30,-29.201503101557993
1946-05-31,-23.95573287423658
1946-06-30,-20.24970321467571
1946-07-31,-22.08273588866104
1946-08-31,-16.09663480890878
1946-09-30,-6.231531116956372
1946-10-31,-6.632450462041653
1946-11-30,1.0668874854477117
1946-12-31,1.4847067425547777
1947-01-31,-0.7498731071589448
1947-02-28,9.040642915006522
1947-03-31,14.480509497257131
1947-04-30,7.1894270001203795
1947-05-31,8.01146257487478
1947-06-30,5.595565044020522
1947-07-31,5.505693546409417
1947-08-31,10.619385757040252
1947-09-30,7.368582592243181
1947-10-31,9.390426903400975
1947-11-30,4.155069647944257
1947-12-31,3.018436248877511
1948-01-31,10.80253906353628
1948-02-29,15.5403981616662
1948-03-31,12.79835152261359
1948-04-30,8.362869486971832
1948-05-31,10.422735076911197
1948-06-30,9.923061074295303
1948-07-31,19.673973213518394
1948-08-31,15.595589927035975
1948-09-30,24.011715751538084
1948-10-31,18.70239551679051
1948-11-30,24.729557672489115
1948-12-31,32.037240212644264
1949-01-31,25.81547996565598
1949-02-28,24.692190530817957
1949-03-31,28.91214310703553
1949-04-30,27.152384454584627
1949-05-31,19.301148912239036
1949-06-30,24.652177453236725
1949-07-31,24.384748461004143
1949-08-31,18.074669231624796
1949-09-30,9.100804686980734
1949-10-31,9.514422244787784
1949-11-30,5.3605679074001165
1949-12-31,11.62644623106582
1950-01-31,4.777323754922504
1950-02-28,-4.894884701185665
1950-03-31,3.2585827920409702
1950-04-30,1.6130834630578246
1950-05-31,8.686282223070899
1950-06-30,10.092176198379635
1950-07-31,17.709970498018443
1950-08-31,26.47682197427457
1950-09-30,18.16361977631995
1950-10-31,13.744507080300973
1950-11-30,7.407583335860885
1950-12-31,16.53999520541586
1951-01-31,20.43461566594403
1951-02-28,28.94811704123395
1951-03-31,38.65328223152295
1951-04-30,44.488935806370336
1951-05-31,51.97213036900726
1951-06-30,60.78810161606322
1951-07-31,62.97530136049665
1951-08-31,69.36884004507783
1951-09-30,78.85873015658555
1951-10-31,78.28817975527558
1951-11-30,72.62268567831936
1951-12-31,75.93063494130624
1952-01-31,67.0390811643609
1952-02-29,63.22732793779261
1952-03-31,60.76235777741357
1952-04-30,66.86042959197644
1952-05-31,57.3396385758741
1952-06-30,53.774251865607575
1952-07-31,49.907490387979976
1952-08-31,53.158485199802456
1952-09-30,60.664859917144796
1952-10-31,60.274345523176436
1952-11-30,67.15360516064274
1952-12-31,65.59687596885847
1953-01-31,65.64484030879971
1953-02-28,62.06679085495399
1953-03-31,55.98927791659719
1953-04-30,63.79935386023253
1953-05-31,65.84650780571742
1953-06-30,61.21093806615776
1953-07-31,61.985516780222824
1953-08-31,60.082521059241245
1953-09-30,50.819408082298324
1953-10-31,54.7545522319084
1953-11-30,62.11287211158508
1953-12-31,64.28756451285207
1954-01-31,57.2415711220547
1954-02-28,55.63139675746736
1954-03-31,49.70357898498943
1954-04-30,43.11013572330828
1954-05-31,38.995594404104665
1954-06-30,46.91482507109388
1954-07-31,53.77505832379797
1954-08-31,59.64773433409574
1954-09-30,68.2091240533268
1954-10-31,60.36627825328023
1954-11-30,54.74603097195095
1954-12-31,45.61375764381144
1955-01-31,35.696753665051716
1955-02-28,38.52089352710211
1955-03-31,36.69135527473671
1955-04-30,38.00221143210868
1955-05-31,45.3778472450354
1955-06-30,41.11022133090758
1955-07-31,36.00226444870556
1955-08-31,42.42845055096993
1955-09-30,32.92504306311379
1955-10-31,41.44462078062381
1955-11-30,38.38465882791773
1955-12-31,29.053103100675713
1956-01-31,23.390485275643428
1956-02-29,15.008168472089386
1956-03-31,21.903765963126247
1956-04-30,13.014526004471554
1956-05-31,4.083131527894565
1956-06-30,6.382578785009754
1956-07-31,0.5820266746263574
1956-08-31,-2.7267043777816298
1956-09-30,2.999682472094081
1956-10-31,1.507863576872282
1956-11-30,6.0954744839510475
1956-12-31,1.7320397591915295
1957-01-31,-5.646288381335612
1957-02-28,-14.285738183588705
1957-03-31,-7.517278295736645
1957-04-30,-15.075309335143332
1957-05-31,-23.50455358388738
1957-06-30,-30.363413859660987
1957-07-31,-29.93290789480257
1957-08-31,-26.16547886838518
1957-09-30,-26.28356241680157
1957-10-31,-23.86707014596261
1957-11-30,-23.92308599600044
1957-12-31,-19.035705421324163
1958-01-31,-16.96500585808313
1958-02-28,-23.44655496338767
1958-03-31,-26.726914605705332
1958-04-30,-16.861073447248444
1958-05-31,-17.887805011374965
1958-06-30,-14.338372981560557
1958-07-31,-20.88977206227203
1958-08-31,-17.373457449970328
1958-09-30,-13.413496559502972
1958-10-31,-20.209738459436302
1958-11-30,-11.382383200441144
1958-12-31,-13.49633918774403
1959-01-31,-16.573704986189945
1959-02-28,-13.015000684595133
1959-03-31,-4.610569192537447
1959-04-30,2.154102071389101
1959-05-31,3.394883157095407
1959-06-30,-5.518374382107599
1959-07-31,-5.8010132531628
1959-08-31,-3.385588128430971
1959-09-30,3.3467542298112356
1959-10-31,-2.6099202325739626
1959-11-30,-3.295675905262584
1959-12-31,-0.47309342968429036
1960-01-31,3.2910528059930506
1960-02-29,-5.78195381859226
1960-03-31,1.7363469982852244
1960-04-30,-5.990705438264493
1960-05-31,1.0915262296479877
1960-06-30,8.366698288731376
1960-07-31,10.619597633684018
1960-08-31,11.440801797792876
1960-09-30,8.432956543642288
1960-10-31,6.2061991967788925
1960-11-30,14.63746286448152
1960-12-31,17.79311468413443
1961-01-31,17.08976806697902
1961-02-28,14.264460570072135
1961-03-31,24.166993883609113
1961-04-30,32.88255396713899
1961-05-31,41.363352825970836
1961-06-30,49.876388989456665
1961-07-31,47.01142153801666
1961-08-31,53.689268212563206
1961-09-30,57.45671698368388
1961-10-31,65.71539313096301
1961-11-30,70.42671007153184
1961-12-31,77.08787778578767
1962-01-31,83.09220889246525
1962-02-28,84.66440299390541
1962-03-31,88.59534760408
1962-04-30,80.10759503355798
1962-05-31,77.80039240990786
1962-06-30,83.8944814290725
1962-07-31,75.75324264188939
1962-08-31,72.35503114003382
1962-09-30,74.88086806952384
1962-10-31,73.88371394023102
1962-11-30,65.33053716517782
1962-12-31,58.75163003990977
1963-01-31,62.07269117653017
1963-02-28,63.033671080315706
1963-03-31,64.80337581683112
1963-04-30,72.93935218938435
1963-05-31,81.5980191433091
1963-06-30,77.4770723009399
1963-07-31,85.17584683285261
1963-08-31,85.64270086246897
1963-09-30,88.50115386960206
1963-10-31,80.52269024586252
1963-11-30,78.55309945802092
1963-12-31,87.52788527070865
1964-01-31,96.3121662420377
1964-02-29,94.61806486686363
1964-03-31,89.54176651744409
1964-04-30,98.74058814019226
1964-05-31,98.77123019325468
1964-06-30,107.72391481598291
1964-07-31,98.42931693717748
1964-08-31,100.3128921579676
1964-09-30,95.95095807217113
1964-10-31,86.02919229328495
1964-11-30,85.79614931309598
1964-12-31,94.76183293833998
1965-01-31,93.93626741484438
1965-02-28,88.20709926757164
1965-03-31,92.18800493599397
1965-04-30,99.70252130811899
1965-05-31,104.89742314254495
1965-06-30,99.90024674039948
1965-07-31,105.46502491502073
1965-08-31,111.01917462615624
1965-09-30,110.22571825771415
1965-10-31,115.32435127948756
1965-11-30,106.05568604177729
1965-12-31,100.16622674135947
1966-01-31,97.91554283856978
1966-02-28,106.45786929724193
1966-03-31,110.37464673182771
1966-04-30,113.74649872790405
1966-05-31,120.20982911854863
1966-06-30,124.65543719147146
1966-07-31,115.90910545716768
1966-08-31,123.75297598439082
1966-09-30,129.0016638121285
1966-10-31,123.31283823473463
1966-11-30,125.20894221591806
1966-12-31,124.24648089572536
1967-01-31,114.82718676131802
1967-02-28,120.86965696490873
1967-03-31,117.75338930881274
1967-04-30,120.30505269292186
1967-05-31,126.71887533716483
1967-06-30,135.33148449133108
1967-07-31,135.86256403159706
1967-08-31,134.83130804126264
1967-09-30,125.02626980499211
1967-10-31,117.28724445521944
1967-11-30,121.8125018541531
1967-12-31,115.47214239291142
1968-01-31,116.01371199705818
1968-02-29,109.34043345463566
1968-03-31,115.21224787205315
1968-04-30,109.41793607615675
1968-05-31,114.83336029300187
1968-06-30,113.72411445434528
1968-07-31,118.70812660167206
1968-08-31,115.88896786460248
1968-09-30,125.18802986495663
1968-10-31,125.24181004802286
1968-11-30,123.36479636766418
1968-12-31,121.66199054524863
1969-01-31,117.7462003784327
1969-02-28,121.18674486747904
1969-03-31,114.66269492417494
1969-04-30,107.74446979341002
1969-05-31,117.01844281515577
1969-06-30,111.21630241555417
1969-07-31,117.42687473772646
1969-08-31,109.08633933035468
1969-09-30,110.97595874433462
1969-10-31,103.0854591123172
1969-11-30,100.2945933152617
1969-12-31,96.98158635601028
1970-01-31,99.24019268057154
1970-02-28,89.32085744292857
1970-03-31,84.85768941774654
1970-04-30,90.08557738710019
1970-05-31,95.26247997448988
1970-06-30,101.05604791037459
1970-07-31,102.59337383177935
1970-08-31,107.67845923431807
1970-09-30,106.37465037441237
1970-10-31,102.6810630036587
1970-11-30,108.9156244832783
1970-12-31,106.85446242890839
1971-01-31,99.50485487061425
1971-02-28,108.60919079352988
1971-03-31,101.18060965744469
1971-04-30,106.51774979132479
1971-05-31,100.69282980657596
1971-06-30,107.86097278275352
1971-07-31,110.3436872637213
1971-08-31,119.22110431802258
1971-09-30,121.29094886341794
1971-10-31,128.1340038531031
1971-11-30,128.04992112432714
1971-12-31,135.8539174691751
1972-01-31,134.0301699876582
1972-02-29,142.596975788576
1972-03-31,145.52379792278919
1972-04-30,153.9324600154185
1972-05-31,144.79020935140792
1972-06-30,142.08902594981382
1972-07-31,150.12290700640733
1972-08-31,145.47938756067282
1972-09-30,146.3509333132497
1972-10-31,144.74106240031227
1972-11-30,134.9410178439377
1972-12-31,125.7674596409306
1973-01-31,125.57252294105052
1973-02-28,123.13928127120592
1973-03-31,130.89303478940653
1973-04-30,127.43757100929747
1973-05-31,120.59320407423728
1973-06-30,112.98823107272307
1973-07-31,111.21215897262617
1973-08-31,120.90822788048055
1973-09-30,128.85736421054847
1973-10-31,129.56221421027897
1973-11-30,129.95212483538566
1973-12-31,132.3729271176507
1974-01-31,137.2356921352975
1974-02-28,128.35703833046844
1974-03-31,137.11994732296554
1974-04-30,144.62152198333277
1974-05-31,143.96028207373718
1974-06-30,140.71197755366435
1974-07-31,141.32082197098842
1974-08-31,141.3979190605912
1974-09-30,137.7501309207933
1974-10-31,130.2460715739933
1974-11-30,134.75516955836898
1974-12-31,142.55508960031779
1975-01-31,145.5551339868369
1975-02-28,141.36168866743907
1975-03-31,140.09690623287187
1975-04-30,133.8523510158837
1975-05-31,142.5936354363821
1975-06-30,137.60586362600424
1975-07-31,134.66061306272226
1975-08-31,137.61916774443515
1975-09-30,142.35327376775405
1975-10-31,141.37706730146655
1975-11-30,134.1290737006143
1975-12-31,132.32796273843402
1976-01-31,138.65885284879852
1976-02-29,134.25271757272316
1976-03-31,132.42294756962346
1976-04-30,127.89064097557224
1976-05-31,125.279248450574
1976-06-30,121.99055629545022
1976-07-31,121.55870077982516
1976-08-31,128.14104391065925
1976-09-30,134.47068104488784
1976-10-31,127.92324292024718
1976-11-30,122.66368288840803
1976-12-31,119.54178287233202
1977-01-31,123.14967803432675
1977-02-28,127.86264778787344
1977-03-31,132.5759720311344
1977-04-30,126.89879494376686
1977-05-31,121.36026143889596
1977-06-30,131.11135140730923
1977-07-31,132.87218871121
1977-08-31,138.1092059298107
1977-09-30,132.19097933309595
1977-10-31,134.56969453227748
1977-11-30,130.4482280429006
1977-12-31,130.15177353973445
1978-01-31,129.0258052141498
1978-02-28,136.21077013100273
1978-03-31,133.4072282954109
1978-04-30,138.1839820122768
1978-05-31,134.35193822979213
1978-06-30,136.4595688508618
1978-07-31,143.58444531653112
1978-08-31,138.25093162056683
1978-09-30,136.60786591695756
1978-10-31,146.1469477312751
1978-11-30,152.68817932377488
1978-12-31,160.35617283559284
1979-01-31,162.3797128861542
1979-02-28,159.85399181278865
1979-03-31,152.69663540983612
1979-04-30,160.0045349423982
1979-05-31,152.30066825567505
1979-06-30,160.96756466109647
1979-07-31,169.55184895032457
1979-08-31,178.54110644398966
1979-09-30,184.13158676558083
1979-10-31,187.36534726518542
1979-11-30,185.13389554381877
1979-12-31,191.7712553227525
1980-01-31,193.38825502882145
1980-02-29,193.62673020941878
1980-03-31,186.32878452025037
1980-04-30,178.70984381087393
1980-05-31,182.1989777397124
1980-06-30,174.9756690489315
1980-07-31,179.0192415644413
1980-08-31,177.71856993196033
1980-09-30,170.28796611584107
1980-10-31,171.5128378863143
1980-11-30,177.32520740732468
1980-12-31,187.12223265017482
1981-01-31,182.08172194045895
1981-02-28,179.9128590152946
1981-03-31,179.60282286280867
1981-04-30,179.3423126951164
1981-05-31,174.05782409059697
1981-06-30,170.6539188971923
1981-07-31,162.43962395885265
1981-08-31,163.88433842901776
1981-09-30,173.81395154216702
1981-10-31,166.29936446892773
1981-11-30,170.70550014839782
1981-12-31,171.25671890219223
1982-01-31,167.81329865045532
1982-02-28,164.47023760316233
1982-03-31,174.1954053101937
1982-04-30,166.36531653695897
1982-05-31,168.13807525439515
1982-06-30,168.8795805474378
1982-07-31,177.752933609946
1982-08-31,171.8213457486025
1982-09-30,162.41387487061385
1982-10-31,170.13850593077544
1982-11-30,166.6390531122257
1982-12-31,164.82612620948876
1983-01-31,157.22334984812474
1983-02-28,151.7470021331671
1983-03-31,146.2663606744551
1983-04-30,149.89953281318208
1983-05-31,142.5940462309461
1983-06-30,136.40961547884885
1983-07-31,134.44416461865046
1983-08-31,132.47057051021878
1983-09-30,123.4474634474889
1983-10-31,133.41469263440405
1983-11-30,140.2531948207297
1983-12-31,145.8258320010864
1984-01-31,149.86644539442955
1984-02-29,147.792962417238
1984-03-31,151.15095194156848
1984-04-30,157.95073227991756
1984-05-31,162.32197793371094
1984-06-30,169.98951488808157
1984-07-31,175.54945360881794
1984-08-31,180.1873152776639
1984-09-30,188.41581129931063
1984-10-31,194.3078627053508
1984-11-30,190.95254082526014
1984-12-31,191.0568965210882
1985-01-31,182.93832639977646
1985-02-28,181.31978731869273
1985-03-31,184.12005729687846
1985-04-30,178.45228243725572
1985-05-31,179.98844700065428
1985-06-30,176.65380120109072
1985-07-31,171.296981777323
1985-08-31,168.49296414972787
1985-09-30,170.3782436503841
1985-10-31,169.66666197298775
1985-11-30,168.5693881944625
1985-12-31,174.07403377677593
1986-01-31,176.92064162917404
1986-02-28,178.62076312124296
1986-03-31,170.91263953184082
1986-04-30,161.30927124197032
1986-05-31,158.764399289659
1986-06-30,151.18758810158138
1986-07-31,154.2536690621277
1986-08-31,161.3707071681658
1986-09-30,166.11812041009674
1986-10-31,164.9990968710345
1986-11-30,171.7326737129044
1986-12-31,176.03230551737428
1987-01-31,176.45769688761382
1987-02-28,178.5622994541865
1987-03-31,172.1959764233206
1987-04-30,162.5962152009477
1987-05-31,170.98449215364883
1987-06-30,180.32089867687384
1987-07-31,180.4999330551275
1987-08-31,182.08420430155533
1987-09-30,187.87656270834114
1987-10-31,179.8626669492817
1987-11-30,184.28237041486767
1987-12-31,190.18143251161683
1988-01-31,184.9345993259714
1988-02-29,186.2175354422053
1988-03-31,192.30422626948038
1988-04-30,201.25667094446456
1988-05-31,199.51565562132458
1988-06-30,192.56458980184468
1988-07-31,197.12384546415637
1988-08-31,199.40655595881606
1988-09-30,199.26245097026967
1988-10-31,197.08738953395542
1988-11-30,187.64793868616005
1988-12-31,196.057239092541
1989-01-31,193.693249274016
1989-02-28,184.5941021900578
1989-03-31,176.66253803649826
1989-04-30,178.46279310128173
1989-05-31,169.17403495012815
1989-06-30,174.4549684912014
1989-07-31,179.3054365411247
1989-08-31,169.40263933403054
1989-09-30,172.2883582816308
1989-10-31,168.4160948395746
1989-11-30,164.23177834273946
1989-12-31,171.35651441272137
1990-01-31,162.78636283575145
1990-02-28,161.1266235698472
1990-03-31,170.22219561643374
1990-04-30,161.95462417824453
1990-05-31,164.1030061079905
1990-06-30,159.25998487440296
1990-07-31,153.85388394713968
1990-08-31,150.6016012111745
1990-09-30,154.85381399363183
1990-10-31,153.22942817826976
1990-11-30,157.5255659293326
1990-12-31,165.90883709238065
1991-01-31,174.1656122144673
1991-02-28,174.88228487716322
1991-03-31,170.00818735619035
1991-04-30,172.64104753732602
1991-05-31,164.48887908466537
1991-06-30,161.33492947897443
1991-07-31,157.39475417635384
1991-08-31,166.45933794175727
1991-09-30,167.66269368565221
1991-10-31,165.50347491111086
1991-11-30,161.1541367221562
1991-12-31,161.73954508711995
1992-01-31,162.3525806020128
1992-02-29,169.5321836214485
1992-03-31,169.5099338696353
1992-04-30,179.01038962014047
1992-05-31,170.03465318910577
1992-06-30,172.18166333650973
1992-07-31,170.6680278818059
1992-08-31,166.74853206941404
1992-09-30,166.49814513463605
1992-10-31,176.44401106617988
1992-11-30,174.40119146474223
1992-12-31,183.20411767868373
1993-01-31,183.84774435426212
1993-02-28,181.68787449942175
1993-03-31,173.13445941095844
1993-04-30,164.90921263006723
1993-05-31,172.20924484174614
1993-06-30,164.87857108500768
1993-07-31,160.65408589504509
1993-08-31,158.05027114439767
1993-09-30,149.4585527133224
1993-10-31,143.5525244423621
1993-11-30,138.05160981380521
1993-12-31,136.59341706699482
1994-01-31,129.33525743418812
1994-02-28,131.53336375764235
1994-03-31,130.88509775941796
1994-04-30,134.73626732306278
1994-05-31,128.76274871244053
1994-06-30,123.6055229746048
1994-07-31,122.75559184648746
1994-08-31,120.74060097949581
1994-09-30,117.23832809728573
1994-10-31,110.0266390356297
1994-11-30,109.99153068916985
1994-12-31,107.43536222115364
1995-01-31,105.01655693780772
1995-02-28,110.92651439584883
1995-03-31,101.98434818317305
1995-04-30,95.81046095226935
1995-05-31,104.9423119925043
1995-06-30,101.87853139964882
1995-07-31,93.12837393296998
1995-08-31,87.73013764936925
1995-09-30,79.22184136581139
1995-10-31,88.74260134089867
1995-11-30,84.87326342360122
1995-12-31,78.19868968508929
1996-01-31,70.22873513758918
1996-02-29,76.68146672657758
1996-03-31,77.86592894079075
1996-04-30,85.87433464073462
1996-05-31,83.64315680189367
1996-06-30,82.08514571246398
1996-07-31,82.54473338931713
1996-08-31,85.12862018061605
1996-09-30,85.47402985008324
1996-10-31,80.48704134613601
1996-11-30,81.63056457196569
1996-12-31,90.54011043546001
1997-01-31,91.70363740521042
1997-02-28,90.45405270148751
1997-03-31,81.90390800443035
1997-04-30,91.59838780377297
1997-05-31,82.02543230779341
1997-06-30,72.1682014849183
1997-07-31,68.85677990262415
1997-08-31,77.30604884071795
1997-09-30,74.20707514440174
1997-10-31,82.44281235729764
1997-11-30,89.7998650642009
1997-12-31,86.79429953344047
1998-01-31,88.01562187107169
1998-02-28,85.54086311050126
1998-03-31,92.9418817962115
1998-04-30,96.74827326683622
1998-05-31,100.49698022700652
1998-06-30,102.68379561111584
1998-07-31,105.1835319717346
1998-08-31,109.25329869432684
1998-09-30,116.68356201091086
1998-10-31,112.56579951930495
1998-11-30,105.8683055623396
1998-12-31,102.52893804999844
1999-01-31,108.20493442987106
1999-02-28,115.33396840313182
1999-03-31,113.48023377769871
1999-04-30,114.53547373124235
1999-05-31,120.50255925310516
1999-06-30,125.82384890636558
1999-07-31,131.3224003737369
1999-08-31,131.8227911703793
1999-09-30,135.01705676360044
1999-10-31,127.65720802869244
1999-11-30,128.1577640016822
1999-12-31,118.46870650512739
2000-01-31,117.58325998808861
2000-02-29,109.68459008081088
2000-03-31,117.31825748197173
2000-04-30,124.07745072222858
2000-05-31,125.95247319742782
2000-06-30,134.47661417060795
2000-07-31,127.04154812957215
2000-08-31,130.934046088253
2000-09-30,129.23593638248065
2000-10-31,133.42171561093664
2000-11-30,138.82540666884591
2000-12-31,147.4878498658573
2001-01-31,156.47643935181426
2001-02-28,157.30783520088232
2001-03-31,165.617699531393
2001-04-30,164.12768270682895
2001-05-31,168.58584968789992
2001-06-30,169.18264502429255
2001-07-31,176.4337601395141
2001-08-31,169.5293895379211
2001-09-30,174.70990667486583
2001-10-31,181.69377461678394
2001-11-30,186.1103785738432
2001-12-31,179.379444310286
2002-01-31,182.23847285665062
2002-02-28,188.79944086344761
2002-03-31,182.29172824931854
2002-04-30,191.80383517039888
2002-05-31,188.02572446287832
2002-06-30,181.40310181217785
2002-07-31,184.121542217943
2002-08-31,174.60761926180732
2002-09-30,176.61652904169006
2002-10-31,175.19365032554873
2002-11-30,184.21890914921178
2002-12-31,180.06715946871446
2003-01-31,179.77153895475612
2003-02-28,170.20000110650358
2003-03-31,168.89887457768208
2003-04-30,171.65166444525548
2003-05-31,165.14929679645368
2003-06-30,161.9768837086186
2003-07-31,166.7384671901848
2003-08-31,165.12203654195858
2003-09-30,160.07112397590043
2003-10-31,153.02752755069952
2003-11-30,143.38339702627115
2003-12-31,148.84624892869954
2004-01-31,148.04352627107244
2004-02-29,143.83177175421264
2004-03-31,135.58777046080561
2004-04-30,139.90828676360564
2004-05-31,147.28172630468308
2004-06-30,143.86223338851912
2004-07-31,142.4593296957243
2004-08-31,151.60211582246396
2004-09-30,147.22842826194676
2004-10-31,144.98126814497672
2004-11-30,143.21227404202455
2004-12-31,145.18294857444877
2005-01-31,142.90803718118556
2005-02-28,151.4738291269566
2005-03-31,157.08098837279786
2005-04-30,152.66384373886117
2005-05-31,144.3323401227018
2005-06-30,152.27713260242132
2005-07-31,157.31515724915604
2005-08-31,154.48674059206954
2005-09-30,157.77965803656087
2005-10-31,151.3461057442003
2005-11-30,148.28754755585592
2005-12-31,152.4904442961672
2006-01-31,153.49712297542462
2006-02-28,155.92640058479736
2006-03-31,156.900757479656
2006-04-30,155.3926855051261
2006-05-31,154.92511588360264
2006-06-30,158.72465963559486
2006-07-31,168.4700398812501
2006-08-31,162.9717601417095
2006-09-30,171.73765548623075
2006-10-31,167.96842329045683
2006-11-30,168.3543959087466
2006-12-31,164.30138039821952
2007-01-31,173.59343997972036
2007-02-28,177.39505560582555
2007-03-31,173.82968376553993
2007-04-30,180.30611315556393
2007-05-31,182.13350086557222
2007-06-30,183.06444510394013
2007-07-31,181.89578209988593
2007-08-31,180.62825988033148
2007-09-30,186.13511226688834
2007-10-31,180.37339608407117
2007-11-30,173.2340066987442
2007-12-31,176.44573409595907
2008-01-31,172.98820688997526
2008-02-29,167.57608498693847
2008-03-31,161.70793673450578
2008-04-30,153.3979137799468
2008-05-31,151.5826899164166
2008-06-30,154.92259916048013
2008-07-31,161.2184025142443
2008-08-31,157.59025035215618
2008-09-30,148.74182476049938
2008-10-31,143.1502092278563
2008-11-30,135.65175070263993
2008-12-31,133.72605692556417
2009-01-31,124.34969848558495
2009-02-28,129.33647813489966
2009-03-31,130.687372957159
2009-04-30,136.20541919981184
2009-05-31,144.47972301621985
2009-06-30,152.24327725867553
2009-07-31,148.11812874302328
2009-08-31,140.51476640661102
2009-09-30,137.93639529555065
2009-10-31,145.20173252298662
2009-11-30,152.75268885679327
2009-12-31,155.10675228630924
2010-01-31,152.19499751983494
2010-02-28,153.8513466849065
2010-03-31,148.74924024914333
2010-04-30,141.000018159362
2010-05-31,131.4562834287492
2010-06-30,122.10137077086095
2010-07-31,130.41300014547892
2010-08-31,131.84285292888086
2010-09-30,129.70547698269752
2010-10-31,135.97361178381772
2010-11-30,137.5897860352481
2010-12-31,130.36166348550654
2011-01-31,134.3402605327877
2011-02-28,133.10564041448444
2011-03-31,135.51676493150904
2011-04-30,144.76787681433512
2011-05-31,135.78280182661237
2011-06-30,144.5280981080008
2011-07-31,138.16950094083978
2011-08-31,130.23223188346788
2011-09-30,126.77646666514987
2011-10-31,132.76273484341445
2011-11-30,128.97729409890232
2011-12-31,119.98802260144947
2012-01-31,124.90061690458302
2012-02-29,127.45896005694638
2012-03-31,132.3624640601473
2012-04-30,137.45390559349482
2012-05-31,146.28294565049578
2012-06-30,142.84239268325558
2012-07-31,149.6152598696441
2012-08-31,148.6412415578454
2012-09-30,148.39784349259526
2012-10-31,139.1905089691867
2012-11-30,146.90051395034016
2012-12-31,149.62636851727453
2013-01-31,147.40924626457974
2013-02-28,138.82632979488625
2013-03-31,133.9394618893677
2013-04-30,131.0304521991894
2013-05-31,133.79208602019605
2013-06-30,139.9284296387323
2013-07-31,137.36409995679
2013-08-31,133.34153738057023
2013-09-30,124.34326689673146
2013-10-31,131.66681638759772
2013-11-30,126.00013458469921
2013-12-31,132.2380344522195
2014-01-31,136.26011596483661
2014-02-28,133.16997931967532
2014-03-31,127.64666190935749
2014-04-30,120.175243774143
2014-05-31,114.18511467286682
2014-06-30,119.7043359846875
2014-07-31,129.09317760863024
2014-08-31,132.17395917219
2014-09-30,127.16493703759258
2014-10-31,132.8375134012526
2014-11-30,135.09394558324982
2014-12-31,141.72266663764827
2015-01-31,142.31825977100394
2015-02-28,146.48545860762204
2015-03-31,140.21803363675878
2015-04-30,133.9816153689712
2015-05-31,125.66020479937349
2015-06-30,133.0645253937273
2015-07-31,133.26542968488297
2015-08-31,125.87013963529725
2015-09-30,133.92040438568813
2015-10-31,133.645573765415
2015-11-30,127.07546666944552
2015-12-31,118.36666716686125
2016-01-31,110.01498085226804
2016-02-29,111.19171620295363
2016-03-31,108.58591387174714
2016-04-30,115.35971864080528
2016-05-31,120.87734045846867
2016-06-30,121.96586130301023
2016-07-31,119.19301777449233
2016-08-31,124.25360899243285
2016-09-30,130.49714166874912
2016-10-31,130.06385975850156
2016-11-30,133.55785269044188
2016-12-31,139.81958397360233
